--
-- File generated with SQLiteStudio v3.1.1 on jue sept 14 20:45:08 2017
--
-- Text encoding used: UTF-8
--
PRAGMA foreign_keys = off;
BEGIN TRANSACTION;

-- Table: alumno
CREATE TABLE alumno (id_alumno integer PRIMARY KEY AUTOINCREMENT NOT NULL, apellidos text, nombre text, fechanacimiento text, padre text, madre text, direccion text, telcasa integer (9), movilpa integer (9), movilma integer (9), emailnene text, photopath text, observaciones TEXT, nacionalidad TEXT, idal_server INTEGER);
INSERT INTO alumno (id_alumno, apellidos, nombre, fechanacimiento, padre, madre, direccion, telcasa, movilpa, movilma, emailnene, photopath, observaciones, nacionalidad) VALUES (121, 'VALES SMITH', 'ENCARNA', '2004-01-11', 'CARLOS VALES', 'HILARY SMITH', 'C/ Cristo 23, 13500 Valdepeñas', 998998997, 655655432, 654656676, 'encarnavalesfiestas@dominiomail.com', NULL, NULL, 'HISPANO/BRITANICA');
INSERT INTO alumno (id_alumno, apellidos, nombre, fechanacimiento, padre, madre, direccion, telcasa, movilpa, movilma, emailnene, photopath, observaciones, nacionalidad) VALUES (122, 'CONDE LOPEZ', 'IGNACIO', '2005-05-10', 'RODOLFO CONDE', 'MARIA LOPEZ', 'Avda. de los Rosales 21, 5ºizq. 28890, Madrid', 999111111, 666777666, 666777667, 'nachoconde888@dominiomail.com', '', '', 'ESPAÑOLA');
INSERT INTO alumno (id_alumno, apellidos, nombre, fechanacimiento, padre, madre, direccion, telcasa, movilpa, movilma, emailnene, photopath, observaciones, nacionalidad) VALUES (123, 'PERALES VAZQUEZ', 'ROBERTO', '2005-04-08', 'LUCAS PERALES', 'ROSA VAZQUEZ', 'C/ Romero 45, 35Bis Quintanar de la Orden', 998009009, 609865678, 654310191, NULL, NULL, NULL, 'BOLIVIANO');
INSERT INTO alumno (id_alumno, apellidos, nombre, fechanacimiento, padre, madre, direccion, telcasa, movilpa, movilma, emailnene, photopath, observaciones, nacionalidad) VALUES (124, 'CHIRLA GARCIA', 'VANESA', '2005-11-09', 'PEDRO CHIRLA', 'JUANA GARCIA', 'C/ Alta 123, 3ºD, 28080 Prado del Rey, Madrid', 999999999, 666666666, 665665665, 'vanesachirla@dominiomail.com', '', '', 'ESPAÑOLA');
INSERT INTO alumno (id_alumno, apellidos, nombre, fechanacimiento, padre, madre, direccion, telcasa, movilpa, movilma, emailnene, photopath, observaciones, nacionalidad) VALUES (125, 'CURPA CHIQUILLA', 'NOEMI', '2005-07-21', 'IVAN CURPA', 'CARMEN CHIQUILLA', 'C/ Leopoldo Alas Clarin, 4, 13400 Ciudad Real', 999000090, 665511225, 0, 'noemi445566@dominiomail.com', '', '', 'ESPAÑOLA');

-- Table: anotacion
CREATE TABLE anotacion (id_anotacion INTEGER PRIMARY KEY AUTOINCREMENT, id_esturel INTEGER REFERENCES alumno (id_alumno) ON DELETE CASCADE, tipo TEXT, fecha TEXT, detalle TEXT, id_grouprel INTEGER, publicar INTEGER);

-- Table: asistencia
CREATE TABLE asistencia (id_asistencia INTEGER PRIMARY KEY AUTOINCREMENT, id_grupo_materia_rel INTEGER, id_alumno_rel INTEGER REFERENCES alumno (id_alumno) ON DELETE CASCADE, date TEXT, type TEXT, modificado TEXT, timestamp TEXT, periodo INTEGER);
INSERT INTO asistencia (id_asistencia, id_grupo_materia_rel, id_alumno_rel, date, type, modificado, timestamp, periodo) VALUES (923, 10, 124, '2017-09-18', 'A', NULL, '17:45', 1);
INSERT INTO asistencia (id_asistencia, id_grupo_materia_rel, id_alumno_rel, date, type, modificado, timestamp, periodo) VALUES (924, 10, 125, '2017-09-18', 'R', NULL, '17:45', 1);
INSERT INTO asistencia (id_asistencia, id_grupo_materia_rel, id_alumno_rel, date, type, modificado, timestamp, periodo) VALUES (925, 10, 123, '2017-09-13', 'A', NULL, '17:45', 6);

-- Table: assesstments
CREATE TABLE assesstments (id_assess INTEGER PRIMARY KEY AUTOINCREMENT, id_unitrel INTEGER REFERENCES units (id_units) ON DELETE CASCADE, titulo TEXT, tipo TEXT, fecha INTEGER, peso REAL, publicar INTEGER, descripassess TEXT, perstbajo REAL, perstmedio REAL, perstalto REAL);
INSERT INTO assesstments (id_assess, id_unitrel, titulo, tipo, fecha, peso, publicar, descripassess, perstbajo, perstmedio, perstalto) VALUES (68, 28, 'Pintar con el ordenador', 'MULTIMEDIA', 3588602696, 0, 0, '', 0.55, 0.3, 0.15);

-- Table: bloque
CREATE TABLE bloque (id_bloque integer PRIMARY KEY AUTOINCREMENT NOT NULL, id_materia_rel integer NOT NULL REFERENCES materia (id_materia) ON DELETE CASCADE, nbloque INTEGER, blq_denominacion text NOT NULL, contenidos text NOT NULL);
INSERT INTO bloque (id_bloque, id_materia_rel, nbloque, blq_denominacion, contenidos) VALUES (22, 12, 1, 'Bloque 1. Expresión Plástica.', 'Técnicas gráfico-plásticas. Materiales y técnicas secas, húmedas y mistas. Posibilidades expresivas y aplicaciones. La reutilización de materiales y sus cualidades plásticas.
Valores expresivos y estéticos de los recursos gráficos: puntos, línea, colores, texturas, claroscuros.
La iconicidad de la imagen. El dibujo previo y analítico.
La composición. Conceptos de proporción, ritmo y equilibrio. Composiciones modulares. Dibujo del natural, la proporción.
Teoría del color. Color luz y color pigmento. Valores expresivos y simbólicos del color. Tratamiento digital del color.
El proceso creativo. Fases de creación de un diseño. Pautas de trabajo colectivo.');
INSERT INTO bloque (id_bloque, id_materia_rel, nbloque, blq_denominacion, contenidos) VALUES (23, 12, 2, 'Bloque 2. Comunicación audiovisual', 'Leyes perceptivas. Ilusiones ópticas.
Niveles de iconicidad de una imagen.
Análisis del significante y significado de una imagen.
Comunicación audiovisual. Imagen fija e imagen en movimiento. Los medios de masa y la publicidad. Proceso creativo de mensajes visuales y audiovisuales.
El lenguaje del cómic. Elementos y recursos narrativos.
El lenguaje cinematográfico. Recursos expresivos.
Uso responsable y educativo de las TIC. Programas básicos y aplicaciones de dispositivos móviles para el tratamiento de la imagen.');
INSERT INTO bloque (id_bloque, id_materia_rel, nbloque, blq_denominacion, contenidos) VALUES (24, 12, 3, 'Bloque 3. Dibujo técnico aplicado a proyectos.', 'Elementos básicos del dibujo técnico: punto, linea. Tipos de lineas (recta, semirrecta, segmento, linea curva y linea quebrada). Posiciones relativas de las rectas (rectas secantes, paralelas y perpendiculares). Plano. Ángulos.
Lugares geométricos: circunferencia, mediatriz y bisectriz.
Los polígonos. Triángulos. Rectas y puntos notables. Construcción. Cuadriláteros. Construcción y resolución de problemas básicos. Construcción de polígonos regulares conociendo el lado.
Método general de construcción de polígonos regulares inscritos en una circunferencia. Aplicación del teorema de Thales.
Tangencias. Concepto. Tangencias básicas entre recta y circunferencia. Enlaces.
Curvas técnicas. Óvalo, ovoide y espiral. Construcción.
Concepto de sistema de proyección ortogonal. Representación de vistas de volúmenes sencillos. Iniciación a la normalización.
Sistemas de representación. Perspectiva axonométrica.');

-- Table: criterio
CREATE TABLE criterio (id_criterio integer PRIMARY KEY AUTOINCREMENT NOT NULL, crit_denominacion text NOT NULL, id_bloque_rel integer NOT NULL REFERENCES bloque (id_bloque) ON DELETE CASCADE);
INSERT INTO criterio (id_criterio, crit_denominacion, id_bloque_rel) VALUES (62, 'Conocer y aplicar  las posibilidades expresivas de las técnicas gráfico-plásticas secas, húmedas y mixtas.', 22);
INSERT INTO criterio (id_criterio, crit_denominacion, id_bloque_rel) VALUES (63, 'Expresar emociones utilizando recursos gráficos distintos: linea, puntos, colores, texturas, claroscuros.', 22);
INSERT INTO criterio (id_criterio, crit_denominacion, id_bloque_rel) VALUES (64, 'Dibujar con distintos niveles de iconicidad de la imagen.', 22);
INSERT INTO criterio (id_criterio, crit_denominacion, id_bloque_rel) VALUES (65, 'Identificar y aplicar los conceptos de equilibrio, proporción y ritmo en composiciones básicas.', 22);
INSERT INTO criterio (id_criterio, crit_denominacion, id_bloque_rel) VALUES (66, 'Identificar, diferenciar y experimentar las propiedades de color luz y color pigmento.', 22);
INSERT INTO criterio (id_criterio, crit_denominacion, id_bloque_rel) VALUES (67, 'Conocer y aplicar el proceso creativo en la elaboración de diseños personales y colectivos.', 22);
INSERT INTO criterio (id_criterio, crit_denominacion, id_bloque_rel) VALUES (68, 'Reconocer las leyes visuales que posibilitan las ilusiones ópticas y aplicar estas leyes en la elaboración de obras propias.', 23);
INSERT INTO criterio (id_criterio, crit_denominacion, id_bloque_rel) VALUES (69, 'Reconocer los diferentes grados de iconicidad en imágenes presentes en el entorno comunicativo.', 23);
INSERT INTO criterio (id_criterio, crit_denominacion, id_bloque_rel) VALUES (70, 'Crear distintos tipos de imágenes según su relación significante-significado.', 23);
INSERT INTO criterio (id_criterio, crit_denominacion, id_bloque_rel) VALUES (71, 'Utilizar de manera adecuada los lenguajes visual y audiovisual con distintas funciones de forma individual y en equipo.', 23);
INSERT INTO criterio (id_criterio, crit_denominacion, id_bloque_rel) VALUES (72, 'Analizar y realizar cómics aplicando los recursos de manera apropiada.', 23);
INSERT INTO criterio (id_criterio, crit_denominacion, id_bloque_rel) VALUES (73, 'Apreciar el lenguaje del cine analizando la secuencia de manera crítica, reflexionando sobre la relación del lenguaje cinematográfico con el mensaje de la obra.', 23);
INSERT INTO criterio (id_criterio, crit_denominacion, id_bloque_rel) VALUES (74, 'Valorar las aportaciones de las tecnologías digitales y ser capaz de elaborar documentos mediante él mismo.', 23);
INSERT INTO criterio (id_criterio, crit_denominacion, id_bloque_rel) VALUES (75, 'Comprender los conceptos del punto, la linea y el plano, diferenciando claramente los distintos tipos de linea y trazando las distintas posiciones relativas.', 24);
INSERT INTO criterio (id_criterio, crit_denominacion, id_bloque_rel) VALUES (76, 'Comprender el concepto de lugar geométrico a través de la aplicación de la circunferencia, la mediatriz y la bisectriz en problemas sencillos.', 24);
INSERT INTO criterio (id_criterio, crit_denominacion, id_bloque_rel) VALUES (77, 'Conocer las propiedades de los polígonos y construirlos a partir de distintos datos y métodos, resolviendo problemas sencillos.', 24);
INSERT INTO criterio (id_criterio, crit_denominacion, id_bloque_rel) VALUES (78, 'Comprender y aplicar casos sencillos de tangencia entre circunferencias y circunferencias y rectas.', 24);
INSERT INTO criterio (id_criterio, crit_denominacion, id_bloque_rel) VALUES (79, 'Comprender la construcción del óvalo, del ovoide y de las espirales, aplicando las propiedades de las tangencias entre circunferencias.', 24);
INSERT INTO criterio (id_criterio, crit_denominacion, id_bloque_rel) VALUES (80, 'Comprender el concepto de proyección aplicándolo al dibujo de las vistas de objetos comprendiendo la utilidad de las acotaciones.', 24);
INSERT INTO criterio (id_criterio, crit_denominacion, id_bloque_rel) VALUES (81, 'Comprender y practicar el procedimiento de la perspectiva caballera e isométrica aplicada a volúmenes sencillos.', 24);

-- Table: documents
CREATE TABLE documents (id_docs INTEGER PRIMARY KEY AUTOINCREMENT, id_unitrel INTEGER REFERENCES units (id_units) ON DELETE CASCADE, namedoc TEXT, path TEXT, resumen TEXT);
INSERT INTO documents (id_docs, id_unitrel, namedoc, path, resumen) VALUES (3, 2, 'Graph_Databases_2e_Neo4j.epub', '/Users/cesapple/Library/Application\ Support/Tipe/Documentos/ESO2EPVA/Graph_Databases_2e_Neo4j.epub', 'es un ePub');
INSERT INTO documents (id_docs, id_unitrel, namedoc, path, resumen) VALUES (6, 4, 'Guardias y recreos.doc', '/Users/cesapple/Library/Application\ Support/Tipe/Documentos/ESO4EPVA/Guardias y recreos.doc', 'fotocopia sobre el color');

-- Table: estandar
CREATE TABLE estandar (id_estandar integer PRIMARY KEY AUTOINCREMENT NOT NULL, est_denominacion text NOT NULL, id_criterio_rel integer NOT NULL REFERENCES criterio (id_criterio) ON DELETE CASCADE, peso text NOT NULL, competencia text NOT NULL);
INSERT INTO estandar (id_estandar, est_denominacion, id_criterio_rel, peso, competencia) VALUES (180, 'Utiliza con propiedad las técnicas gráfico-plásticas conocidas aplicándolas de forma adecuada al objetivo de la actividad.', 62, 'INTERMEDIO', 'CC');
INSERT INTO estandar (id_estandar, est_denominacion, id_criterio_rel, peso, competencia) VALUES (181, 'Utiliza el lápiz de grafito y de color, creando el claroscuro en composiciones figurativas y abstractas.', 62, 'BAJO', 'CC');
INSERT INTO estandar (id_estandar, est_denominacion, id_criterio_rel, peso, competencia) VALUES (182, 'Experimenta con las temperas aplicando la técnica de diferentes formas (pinceles, esponjas, goteos, distintos grados de humedad, estimaciones…) valorando las posibilidades expresivas según el grado de opacidad y la creación de texturas visuales cromáticas.', 62, 'INTERMEDIO', 'AA');
INSERT INTO estandar (id_estandar, est_denominacion, id_criterio_rel, peso, competencia) VALUES (183, 'Aprovecha materiales reciclados para la elaboración de obras, de forma responsable con el medio ambiente, y aprovechando sus cualidades gráfico-plásticas.', 62, 'BAJO', 'SI');
INSERT INTO estandar (id_estandar, est_denominacion, id_criterio_rel, peso, competencia) VALUES (184, 'Mantiene su espacio de trabajo y su material en perfecto estado, aportándolo al aula cuando es necesario para la elaboración de las actividades.', 62, 'BAJO', 'CC');
INSERT INTO estandar (id_estandar, est_denominacion, id_criterio_rel, peso, competencia) VALUES (185, 'Realizar composiciones que transmitan emociones básicas experimentando con los distintos recursos gráficos.', 63, 'BAJO', 'CC');
INSERT INTO estandar (id_estandar, est_denominacion, id_criterio_rel, peso, competencia) VALUES (186, 'Comprende y emplea los diferentes niveles de iconicidad de la imagen gráfica elaborando bocetos, apuntes, dibujo esquemático, analítico y mimético.', 64, 'BAJO', 'CC');
INSERT INTO estandar (id_estandar, est_denominacion, id_criterio_rel, peso, competencia) VALUES (187, 'Analiza el esquema competitivo básico, de obras de arte, y obras propias, atendiendo a los conceptos de equilibrio, proporción y ritmo.', 65, 'INTERMEDIO', 'CC');
INSERT INTO estandar (id_estandar, est_denominacion, id_criterio_rel, peso, competencia) VALUES (188, 'Realiza composiciones básicas con diferentes técnicas.', 65, 'BAJO', 'CC');
INSERT INTO estandar (id_estandar, est_denominacion, id_criterio_rel, peso, competencia) VALUES (189, 'Realiza composiciones modulares con diferentes procedimientos gráfico-plásticos en aplicaciones al diseño textil, ornamental, arquitectónico o decorativo.', 65, 'INTERMEDIO', 'CC');
INSERT INTO estandar (id_estandar, est_denominacion, id_criterio_rel, peso, competencia) VALUES (190, 'Representa objetos del natural de forma proporcionada', 65, 'INTERMEDIO', 'CC');
INSERT INTO estandar (id_estandar, est_denominacion, id_criterio_rel, peso, competencia) VALUES (191, 'Experimenta con los colores primarios y secundarios estudiando la síntesis aditiva y sustractiva y los colores complementarios.', 66, 'BAJO', 'CC');
INSERT INTO estandar (id_estandar, est_denominacion, id_criterio_rel, peso, competencia) VALUES (192, 'Realiza modificaciones del color y sus propiedades aplicando las TIC.', 66, 'BAJO', 'CC');
INSERT INTO estandar (id_estandar, est_denominacion, id_criterio_rel, peso, competencia) VALUES (193, 'Realiza composiciones abstractas con diferentes técnicas gráficas para expresar sensaciones por medio del uso del color.', 66, 'BAJO', 'CC');
INSERT INTO estandar (id_estandar, est_denominacion, id_criterio_rel, peso, competencia) VALUES (194, 'Conoce y aplica diferentes técnicas creativas para la elaboración de diseños siguiendo las fases del proceso creativo.', 67, 'BAJO', 'CC');
INSERT INTO estandar (id_estandar, est_denominacion, id_criterio_rel, peso, competencia) VALUES (195, 'Valora y evalúa el trabajo propio y ajeno en todo el proceso creativo, respetando las opiniones ajenas.', 67, 'INTERMEDIO', 'CS');
INSERT INTO estandar (id_estandar, est_denominacion, id_criterio_rel, peso, competencia) VALUES (196, 'Identifica y clasifica las diferentes ilusiones ópticas según principios de percepción.', 68, 'INTERMEDIO', 'CM');
INSERT INTO estandar (id_estandar, est_denominacion, id_criterio_rel, peso, competencia) VALUES (197, 'Diseña ilusiones ópticas basándose en las leyes perceptivas.', 68, 'BAJO', 'AA');
INSERT INTO estandar (id_estandar, est_denominacion, id_criterio_rel, peso, competencia) VALUES (198, 'Diferencia imágenes figurativas de abstractas.', 69, 'INTERMEDIO', 'CC');
INSERT INTO estandar (id_estandar, est_denominacion, id_criterio_rel, peso, competencia) VALUES (199, 'Reconoce distintos grados de iconicidad en una serie de imágenes.', 69, 'INTERMEDIO', 'CC');
INSERT INTO estandar (id_estandar, est_denominacion, id_criterio_rel, peso, competencia) VALUES (200, 'Diferencia significante de significado.', 70, 'BAJO', 'CL');
INSERT INTO estandar (id_estandar, est_denominacion, id_criterio_rel, peso, competencia) VALUES (201, 'Diseña símbolos gráficos.', 70, 'INTERMEDIO', 'CC');
INSERT INTO estandar (id_estandar, est_denominacion, id_criterio_rel, peso, competencia) VALUES (202, 'Diseña, en equipo, mensajes visuales y audiovisuales con distintas funciones utilizando diferentes lenguajes y códigos siguiendo de manera ordenada las distintas fases del proceso (guión técnico, story board, realización)', 71, 'INTERMEDIO', 'CC');
INSERT INTO estandar (id_estandar, est_denominacion, id_criterio_rel, peso, competencia) VALUES (203, 'Valora y evalúa el trabajo propio y ajeno en todo el proceso creativo, respetando las opiniones ajenas.', 71, 'INTERMEDIO', 'CS');
INSERT INTO estandar (id_estandar, est_denominacion, id_criterio_rel, peso, competencia) VALUES (204, 'Diseña un mensaje publicitario utilizando recursos visuales como las figuras retóricas.', 71, 'BAJO', 'CC');
INSERT INTO estandar (id_estandar, est_denominacion, id_criterio_rel, peso, competencia) VALUES (205, 'Diseña un cómic utilizando de manera adecuada viñetas y cartelas, globos, lineas cinéticas y onomatopeyas.', 72, 'ALTO', 'CC');
INSERT INTO estandar (id_estandar, est_denominacion, id_criterio_rel, peso, competencia) VALUES (206, 'Reflexiona críticamente sobre una obra de cine, analizando la narrativa cinematográfica en relación con el mensaje.', 73, 'BAJO', 'CC');
INSERT INTO estandar (id_estandar, est_denominacion, id_criterio_rel, peso, competencia) VALUES (207, 'Elabora documentos para presentar un tema o proyecto, empleando los recursos digitales de manera adecuada.', 74, 'INTERMEDIO', 'CD');
INSERT INTO estandar (id_estandar, est_denominacion, id_criterio_rel, peso, competencia) VALUES (208, 'Reconoce los elementos básicos del dibujo técnico.', 75, 'BAJO', 'CM');
INSERT INTO estandar (id_estandar, est_denominacion, id_criterio_rel, peso, competencia) VALUES (209, 'Traza rectas paralelas, transversales y perpendiculares a otra dada, utilizando escuadra y cartabón con suficiente precisión.', 75, 'BAJO', 'CM');
INSERT INTO estandar (id_estandar, est_denominacion, id_criterio_rel, peso, competencia) VALUES (210, 'Resuelve problemas sencillos aplicando los lugares geométricos conocidos: circunferencia, mediatriz y bisectriz.', 76, 'BAJO', 'CM');
INSERT INTO estandar (id_estandar, est_denominacion, id_criterio_rel, peso, competencia) VALUES (211, 'Determina los puntos y rectas notables de los triángulos y otros polígonos.', 77, 'INTERMEDIO', 'CM');
INSERT INTO estandar (id_estandar, est_denominacion, id_criterio_rel, peso, competencia) VALUES (212, 'Resuelve con precisión problemas sencillos de triángulos y cuadriláteros.', 77, 'INTERMEDIO', 'CM');
INSERT INTO estandar (id_estandar, est_denominacion, id_criterio_rel, peso, competencia) VALUES (213, 'Construye correctamente polígonos regulares conociendo el lado, aplicando los trazados al diseño modular.', 77, 'INTERMEDIO', 'CM');
INSERT INTO estandar (id_estandar, est_denominacion, id_criterio_rel, peso, competencia) VALUES (214, 'Construye correctamente polígonos regulares inscritos en una circunferencia utilizando el método general basado en el Teorema de Thales.', 77, 'ALTO', 'CM');
INSERT INTO estandar (id_estandar, est_denominacion, id_criterio_rel, peso, competencia) VALUES (215, 'Resuelve correctamente los casos de tangencia entre circunferencias, utilizando adecuadamente las herramientas.', 78, 'ALTO', 'CM');
INSERT INTO estandar (id_estandar, est_denominacion, id_criterio_rel, peso, competencia) VALUES (216, 'Construye varios tipos de óvalos y ovoides, según distintos datos.', 79, 'INTERMEDIO', 'CM');
INSERT INTO estandar (id_estandar, est_denominacion, id_criterio_rel, peso, competencia) VALUES (217, 'Construye espirales a partir de 2 o más centros.', 79, 'INTERMEDIO', 'CM');
INSERT INTO estandar (id_estandar, est_denominacion, id_criterio_rel, peso, competencia) VALUES (218, 'Dibuja las vistas principales de volúmenes sencillos e interpreta correctamente los elementos básicos de normalización.', 80, 'ALTO', 'CM');
INSERT INTO estandar (id_estandar, est_denominacion, id_criterio_rel, peso, competencia) VALUES (219, 'Construye la perspectiva caballera y perspectiva isométrica de volúmenes sencillos.', 81, 'ALTO', 'CM');

-- Table: evaluacion
CREATE TABLE evaluacion (id_evaluacion INTEGER PRIMARY KEY AUTOINCREMENT, id_matricula_ev INTEGER REFERENCES matricula (id_matricula), evaluacion INTEGER, fecha TEXT);

-- Table: grupo_materia
CREATE TABLE grupo_materia (id_grupo_materia INTEGER PRIMARY KEY AUTOINCREMENT, denominacion TEXT, nivel TEXT, ensenanza TEXT, id_materia_rel INTEGER);
INSERT INTO grupo_materia (id_grupo_materia, denominacion, nivel, ensenanza, id_materia_rel) VALUES (10, 'ESO2A-NO-BIL', '2', 'ESO', 12);

-- Table: horario
CREATE TABLE horario (id INTEGER PRIMARY KEY AUTOINCREMENT, periodo INTEGER, id_gruporel_hor INTEGER, aula TEXT, diasemana INTEGER, inicioperiodo TEXT, finperiodo TEXT);
INSERT INTO horario (id, periodo, id_gruporel_hor, aula, diasemana, inicioperiodo, finperiodo) VALUES (32, 1, 10, 'PLASTICA', 2, '8:30', '9:25');
INSERT INTO horario (id, periodo, id_gruporel_hor, aula, diasemana, inicioperiodo, finperiodo) VALUES (33, 6, 10, 'A23', 4, '13:35', '14:30');

-- Table: materia
CREATE TABLE materia (id_materia INTEGER PRIMARY KEY AUTOINCREMENT, denominacion TEXT, regulacion TEXT, ensenanza TEXT, nivel TEXT, curriculo TEXT, idmat_server INTEGER);
INSERT INTO materia (id_materia, denominacion, regulacion, ensenanza, nivel, curriculo) VALUES (12, 'EDUCACION PLASTICA, VISUAL Y AUDIOVISUAL', 'LOMCE', 'ESO', '2', NULL);

-- Table: matricula
CREATE TABLE matricula (id_matricula INTEGER PRIMARY KEY AUTOINCREMENT, id_alumno_mat INTEGER REFERENCES alumno (id_alumno) ON DELETE CASCADE, id_grupo_mat INTEGER REFERENCES grupo_materia (id_grupo_materia) ON DELETE CASCADE, anno INTEGER, repite INTEGER);
INSERT INTO matricula (id_matricula, id_alumno_mat, id_grupo_mat, anno, repite) VALUES (170, 121, 10, 16, 0);
INSERT INTO matricula (id_matricula, id_alumno_mat, id_grupo_mat, anno, repite) VALUES (171, 122, 10, 16, 0);
INSERT INTO matricula (id_matricula, id_alumno_mat, id_grupo_mat, anno, repite) VALUES (172, 123, 10, 16, 0);
INSERT INTO matricula (id_matricula, id_alumno_mat, id_grupo_mat, anno, repite) VALUES (173, 124, 10, 16, 0);
INSERT INTO matricula (id_matricula, id_alumno_mat, id_grupo_mat, anno, repite) VALUES (174, 125, 10, 16, 0);

-- Table: mediaxasses
CREATE TABLE mediaxasses (id_mediasses INTEGER PRIMARY KEY AUTOINCREMENT, id_asses_rel INTEGER REFERENCES assesstments (id_assess) ON DELETE CASCADE, id_alumno_rel INTEGER REFERENCES alumno (id_alumno) ON DELETE CASCADE, media REAL);
INSERT INTO mediaxasses (id_mediasses, id_asses_rel, id_alumno_rel, media) VALUES (1255, 68, 124, 8);
INSERT INTO mediaxasses (id_mediasses, id_asses_rel, id_alumno_rel, media) VALUES (1256, 68, 122, 5.68);
INSERT INTO mediaxasses (id_mediasses, id_asses_rel, id_alumno_rel, media) VALUES (1257, 68, 125, 2.35);
INSERT INTO mediaxasses (id_mediasses, id_asses_rel, id_alumno_rel, media) VALUES (1258, 68, 123, 9.68);
INSERT INTO mediaxasses (id_mediasses, id_asses_rel, id_alumno_rel, media) VALUES (1259, 68, 121, 7.35);

-- Table: notasxasses
CREATE TABLE notasxasses (id_notaxasses INTEGER PRIMARY KEY AUTOINCREMENT, id_standrel INTEGER, id_alumnorel INTEGER REFERENCES alumno (id_alumno) ON DELETE CASCADE, nota REAL, id_assesrel INTEGER REFERENCES assesstments (id_assess) ON DELETE CASCADE, id_gruporel INTEGER REFERENCES grupo_materia (id_grupo_materia) ON DELETE CASCADE);
INSERT INTO notasxasses (id_notaxasses, id_standrel, id_alumnorel, nota, id_assesrel, id_gruporel) VALUES (4803, 180, 124, 8, 68, 10);
INSERT INTO notasxasses (id_notaxasses, id_standrel, id_alumnorel, nota, id_assesrel, id_gruporel) VALUES (4804, 191, 124, 9, 68, 10);
INSERT INTO notasxasses (id_notaxasses, id_standrel, id_alumnorel, nota, id_assesrel, id_gruporel) VALUES (4805, 192, 124, 7, 68, 10);
INSERT INTO notasxasses (id_notaxasses, id_standrel, id_alumnorel, nota, id_assesrel, id_gruporel) VALUES (4806, 180, 122, 6, 68, 10);
INSERT INTO notasxasses (id_notaxasses, id_standrel, id_alumnorel, nota, id_assesrel, id_gruporel) VALUES (4807, 191, 122, 5, 68, 10);
INSERT INTO notasxasses (id_notaxasses, id_standrel, id_alumnorel, nota, id_assesrel, id_gruporel) VALUES (4808, 192, 122, 6, 68, 10);
INSERT INTO notasxasses (id_notaxasses, id_standrel, id_alumnorel, nota, id_assesrel, id_gruporel) VALUES (4809, 180, 125, 3, 68, 10);
INSERT INTO notasxasses (id_notaxasses, id_standrel, id_alumnorel, nota, id_assesrel, id_gruporel) VALUES (4810, 191, 125, 2, 68, 10);
INSERT INTO notasxasses (id_notaxasses, id_standrel, id_alumnorel, nota, id_assesrel, id_gruporel) VALUES (4811, 192, 125, 2, 68, 10);
INSERT INTO notasxasses (id_notaxasses, id_standrel, id_alumnorel, nota, id_assesrel, id_gruporel) VALUES (4812, 180, 123, 10, 68, 10);
INSERT INTO notasxasses (id_notaxasses, id_standrel, id_alumnorel, nota, id_assesrel, id_gruporel) VALUES (4813, 191, 123, 9, 68, 10);
INSERT INTO notasxasses (id_notaxasses, id_standrel, id_alumnorel, nota, id_assesrel, id_gruporel) VALUES (4814, 192, 123, 10, 68, 10);
INSERT INTO notasxasses (id_notaxasses, id_standrel, id_alumnorel, nota, id_assesrel, id_gruporel) VALUES (4815, 180, 121, 8, 68, 10);
INSERT INTO notasxasses (id_notaxasses, id_standrel, id_alumnorel, nota, id_assesrel, id_gruporel) VALUES (4816, 191, 121, 6, 68, 10);
INSERT INTO notasxasses (id_notaxasses, id_standrel, id_alumnorel, nota, id_assesrel, id_gruporel) VALUES (4817, 192, 121, 8, 68, 10);

-- Table: periodoseval
CREATE TABLE periodoseval (id_pereval INTEGER PRIMARY KEY AUTOINCREMENT, fechainit INTEGER, fechafin INTEGER, denompereval TEXT, perstbajo REAL, perstmedio REAL, perstalto REAL);
INSERT INTO periodoseval (id_pereval, fechainit, fechafin, denompereval, perstbajo, perstmedio, perstalto) VALUES (14, 3587133243, 3596723646, 'Test 1ªEvaluación', 0.55, 0.3, 0.15);

-- Table: prefs
CREATE TABLE prefs (pestbajo integer, pestmedio integer, pestalto integer, checkatstart integer, imgfoot blob, imglogo BLOB, checkreport INTEGER, centroname TEXT, centrodireccion TEXT, centrotelf TEXT, centrofax TEXT, centromail TEXT);
INSERT INTO prefs (pestbajo, pestmedio, pestalto, checkatstart, imgfoot, imglogo, checkreport, centroname, centrodireccion, centrotelf, centrofax, centromail) VALUES (60, 33, 15, 1, X'89504E470D0A1A0A0000000D4948445200000055000000200802000000EC78A37F000002C4694343504943432050726F66696C650000388D8D945D6BD35018C7FFA919131D03616E63A8040732641BDD94A188BA766FD4CD5AB217DD10A44D4FDBB8348D49BA378617BBF1D2E9171075175EF8017AE18557EE469930A73743763B45190E7623A33E27699B94F97620C9EF3C2FFFE7392727016A4EC40D430B484056B74D79282CDD9A9C926AB77004F568C249B4C615CB08C56223A0517E568FBD8F10F873BD836B1DF4FF751C4D324B0184C3C4B9A4A56489E780C00FC5306D40E47AADB3B6C17999B8C1A406895738A75D2E704EB8FCD6891993FB88B788EB954C3C49BC43DC9EF0D9D33E767B7046C310D399A92A12DF8B98994BA91AF3B5FB0FF77F8EAC962FD73B46571DD3C747E97986D67D9F590325169692F1FE61E24EE22F49D63FC0D740FC22A50E4688DBE8DA4C9983E32E0B67553B32E6726042D7A223256ED613D11B254DD1B0C37259DF9A191D28DBEFC6AFC5885B88E5E9DC308F69A4DCDE85CCD84D97056D21D3172DF107332FF3BAA72966C5D09C7341BD05DE60121A1854E874D72141C610C2E880011339A4C8A352844A56E6C498C416A67F1BA921E66389FCDB94B3EDE4DC439EB279D604C2512CB55714A4E0A7E0B7E046F0697025F875B925DFE67996CC3BAAB2F670877479E5B26EC95BEAC9D557A86E88BC1AD264CD56D664F93AF57597D2975B3C255E833D88EEF956C97C953A907094A69D4A338ECFA27BC857ED4FBB47B1AB8BAF9ABD5A1B62E1F67ADDEA62D55EE50EAC8A5556553DF7E2FCF94C3C25768911F1827811927855EC15AF88FD34BB248E5432C64945C5ACA364214E593AE6C96B54BD333716369BB3F981EFCB19F3A69ACED85288FE164C8AE84A67BBD41DECEA01F8BFC7FD2C7665E79F2234AE7936FB3A70F93B70E8BD679BCA032F2DA0E9BC676BA3337CFC0950E851F2E64CE93B13847780953AD7EDCEEAA8A39ACFC5E22E9DFDDAC7C0FEA362F1E7B36271FF39E96F02AFB55F4EBEF610B2D6EDA2000000097048597300000B1300000B1301009A9C18000012C2494441545809D55909705DD5793E77BFF7DDB7EB69B32423DBB2622CC90B5E8209D886049CC984103A8CC1C150DA42A7A4655A98108669A72B349940286D219D120A19D681186A0CF61063361B6FE055DE8D656B97F5243DBDF5EE4BBFF3AEF4906C43329D4E3B3DBEBAEFDCB3FEDFBF9F63C6F77DF225055D282CCB06FD749CEF335F32786A33466258F0A693263FA78E995A67980B579DD8EBA2F6C959BE512AE673B9B1F4706E78C83634E25118C9BAFA19B35A927533E8A620F54BA74F2E03C230EE8BAFC91A1A3DDF037206407CFFD0FE83B2A2CC6BBB9CAE5B7E26583239FE7FF6B7423AA50DCF741840D5F3F9C92DAFBC707CFF67BDFBB79141A2102212E21222C749CBF56BEE7CE4E70DAD6D979C5BA1B3BC2465FA25F063260AC0BB8E7BF4D0918F767DBCE5C00782C7DE78E59A35D75FDFDCD4401CD7F53D4A16C89B5CB22241664A23A5BE5C267FE98C4035820EF09995254101848982AD03B9791E15C064F3646F5995DE79F5E57FFDB3F589F615733B16B6B6B53535CF566479ECFCD050F7B9D39D07E6CF9B7DDB037F2545E217CCBDE4E785F82BDBF79EEDDEF0C686B73B3F8874D4B75E314F338D933B8F24D3CC1A27762D23D44ABC4115846A87E73336F16DCFA74AC8312E612CB4D276D76118B70CD4F53CCBF31CF094C128E2FAAEE9798C20E406075AEFBAF3EB6BD7FAF864D96077DB348F1E3E383CD8974C55CF9C35279EAC9265856A82E7B31C3734D0F7E8C30F6D7BF1D5C7DFDCB0FAFA1B3CD79364896158CB3431BDBFAF6FC74B4FD53635D7B42D6B69FD9A1C5205410009E029C68060CA7DCFE34491653970641AFE607B4DD3366EDCF8F6EE778D46B171E1EC6834E6940C86633949C88C64068EF4B01F1FB8E3FD933724EAC8B8ED10DF4A7A522647885E22C429EBA14D081EAFFC898A55AE433F8D721D9F18863A5AFA0959F6C413DFBDFFFE40DAC1FBD4E1031FBCF60CEF31BBDE7ABD66FED296E557D7345E465CD776BD582C72F6D8A1AD6FBC5C30C8CA1B7FAFB6AE5E2B1679E062CBA8047178A0DFEE3A2CF3DEC173FD4D73DBEB66CDADABAF03BF79410CCB624C557C4313586FFE77D725EB1B80979FAA1501FEA181A1DB1FBBFD7B0FDED7DEDC4A4C4F2B94E00538DB735CAFBABA367A5DEC99782992D756BBF5DBEE6FEA8AF0518BF145EEBA3D83CD1F749BF7DE1A59BDDAE685C2DB9BFDAD1FAA0FFCA9D0D8A88D6532AFBCEC6DDC107FEC49A1BD8D71ECE1D75EEF7AE957FEEC16FDEC194E102A34049A5FD3D05815491CDEF24E343E33D37FFEADFD4F7963698E258647449E446B6BC2729CF1F41D8F3F898912CC3E411495B89C6A59A5786C86AC464B921813A37D3DDD7A2ED3B5C7E0748D77FC645856A1B6E3E97852606B9AAEBAE9564C9F863FA083AAC86573064AA3E347738D899A19B16A811530306F168F1F3BDADD7F2C5B4C871CA73030BEA9AEB68F688FBE31F8CF77CDF9F0FB0D3F7D6D4B6AC58A62638375E278EC0FEF1893047EE555C5D39FB3A944ED237FDFD3D5AFAEBEDA5695F4864D7A2E0715F02C93AA4CC5374CB2211C0E172DE6CCCEA3D2C27925D366D458A2AADAF37C1E56447CCD7174D3660531DEDE22733C1493671855607570A7ECF6738E239AF050ACE9135196F32E0B6DF70ABA2785F2B0C9707D382C6CFDD5D3A996F9AD6D1D97C04F5D8CE3142DBD6097D2A5CCE0787A666A463E3F7EE4ECA1B3F9FE24CF83D50E684F97E46CA9DAB3A5742135920B8F9B806443494F9CD45EFFCFD44FFEC14B26BD7C21BFF9DDE287DBE66DDE125F7BB3353C6C487C66EB6FF4813E5807D40D6F3C5F94B2B7CF8C8E0C9E39115BDAA6138EDA3CCC17AED8712D97EAA0C0109765798E171902982C8C59E01C9F2D3AD81FB2830E711EFC0407561923D9BCC00B9C20FAA2952F963851E07DDFB485B16CAF5684CD920B1D6C9914841C5FE0388517788E3B6FE476F51C7AEBE8D6B3F9BE84A02ABC4C38C6216E9194E0E73496D9B1207E24A92EDBDE077FA215F2C9E54BAA1F7E7074E7AEE2F61D9C1C21919875A4D31BCB7831D5D14972C1B2961F3DE0B5B416E10B380E6FF30BF413D1C4D4B5C2D8B0AF4634B809480CAE71C251E1B71C76008E653D1664C09B5206C2F5C101833B084CF0C98CE70AC40F0B5CBE64FA2C63B8448A84339A96371DB859E8946E7B024757BB24FEB28FA61E19A18895785E206C8A95E2820A278C2D300DDEAB40349378AAEFB76FE84C38C68E15B56950C37285A1E1E3FFF2D4F1756B8B5A91234E363D68AC5BCF56A7D2274F90983AB86FEF870FFD78FCCC6960CBBB2EDED3E48FA5611196A55B06117811528604A8D7661090B9B20BF7A88C691CB5116DD0085E302CC0C34018F0025189F83C4B109A3830C8718B865184E4C3613E16836B07CB5C418CE660B8D8FCD2F87DA284B033354D78641AC018EC8A2AB53F1A4C88C1920CC933892AB7A6264F0A92A47637A5CE61A02CE7FAFB7B9EF9059CBCC6B16072DDFA7597FFC59F9FEFECECFAC5D37C2AE6960A23A74E6AD98C21C81AF161FF17E3476AC10AB22CF02A0F2567055082C0896DC1078E7559A830605267ED3068A75AA03BA0B3EC4830D92736C2AD0BF11199E34A9A199279DD25A15854B76C0DB197611BAA4944A2F1EF12F64FD7397BCAB4E74522AA59D45CB7CC01CA715F1158292412CDD718274BA21DBB0610E1F3247CC5F67E27AC809F67376EE225C9AA4A8DEA8670A66BFF7F3CA7CC6ECEF6F577FFFB73E0C8BE975E2E643250784B10CC908FF80FFD77A9BF9D56A074BC243BB60FE12B32C8F445D7019E800E2414142AB49D2A3A840CB4BEE9F9166D2712876484B8343B832DE0932B1908D2A458D21322E3F19C66DA11C2B836B174FD42FC41F8A9AEADF9BBEFFFEDD36FBC707251ECF2D696109628981CC3CAAA32688C934F07C9A7C419250708E19EFF084B40EDD517B6432D4680F0F9676151602CC4E57F7ED27AF4118A96905099D3EF3DF138B022DCD9E93468E273D9BD847CCB42FF440958611A462E9B61E5483C198B627A4973E1B2886E3B0ED215CEA7EB0705C18F070BA8BD52F10034B22CD767549E03B7D0280BAC0C832F19322F8C171D391636F245C30E5B26D18B792C324DFED4CC7C3F1A8DFEF8C187BEB9EABA8D9B37FD72D3A65C7BBCBDA91619DEC8BEE38BFDA5B75EF9272DD746785054F640588281E1B134EDA3795559516127E002556C968388C01A78694A1F323CB497FD196DE4B835D9DCC2850BE922F8A303E96F766CA498CBD5256AA2C9B86D3B9EE3781C07A88E6E2005820EDB0EF54170CEC826C10B11C98D8BCC93FA7EB081BA34DF87EDC27B41050481CFEB96A5983081A8AADA084945BDCE27663E0B5AA6E1C7C48005C828BFB1EA9A2B962EB979FF4DBF7EEBCD27DFF827E2247FFE9D9F7EE7C6EFB57EAD95153880C0E08B0AA8070694329C897A30EAE296A09D6E49274C26BF9EEB0C9DFB1C1680761D292D56040711055946140496834B618B869933ACA80C85066718C7F74CCF9510E639D6725DA403140594A28C9F3A50DF2AE9BA18522DD70F47D58266086104B08C6B5917E2A7A460328D3AAEA286AE5A79F582450B7F38742F42615363232FD25C8D8AE9A2934905CD6485AE34A51E542F6EB97088EB38B94C0632362CCBCB21B6F3C8F00DC781E4A944E1DB8187A3815C118492A6E76DAA0B203A67188AC0C34858CF9F1156C00BD343146070A808F17CBE684A8A5228590A7A2CE4FF29B39877ED4BE1A7ABB10C87DCA35CC2D1C8DC68242093AA6EB9A0870E0B5A27851EB44C2840D994684BB912BCA77EA23EB1C874FFE7BA6E6664185ACFF33CEB7B8E6959A66D5A0876C00FE3468465E1EC810A0E0E075190841296259CC7C68B5A5491141E0EC1A782420CA444223B67C0144BD33CC2654C4FE639418EE5FABB90684C937F0038A032A02FA0BB4268E5401AB483A2A052692FEF87172DE89A5AB9E073EA806058F0F63DB7901D1725786E96B15D8EE77CBB3C157C651981E14071187ACE08D81D193634236FB9A2E32464C911042803B4C38104CBCB81040405B8061C7E4CCB15146EBC68CE8CE33CA998995EDBD027F053952E535CA1B2425F79DF8AA4274805473032181CBC273A7E879F0A372F39167EDBD074E82D029E6B39C4B450470E06D9C339A30ED7A38A022E0C0CD78DC85249F79029C89268D398E74BF4CA86264828941713226544BA820B5F62DBD648C1736B23E0AB639A147F00068637323A52F6342CE6C3C8902DA552A990AA42C12A202BC80B85422E9B15451199522291C080A0ABB22025617AA9CC4533EA416765E5B2193150E9E27846C689C5767CDB56A0BABCE0F002F0B32E3217066700C47700045E9563740D391CBC1529B9B41DCA0F07A1BB2E4E07084954659086C17D223C81429E0B29C2F1E16C734C92F5538EA9056A4229C9E572470F1F7E77F33B0F3FF8A333A74F1FE93C7C60DF3ED3A4E939D41B540625A8A3F1F0C103B7DD7CD391CECEFBFEF89EB35D5DE8AD0CAB5426274D9B0BE463A3A3952EBAF744A152F30012E7759CC0CC52586238011CB1388108128B07C92E8ECB8A4C0FCD51895544361A16ABA34A54E1EA2352634C8EC95C4C625581B17D4F95B888846B04167E11C604CD882ACACCEA546D3CFCECCE53632D7746AB6750F98314BCC391C8B7D67C7BD7273BB6EFD8BEFCCA2BC7C632BFD9B265707070D7CE4FA84A31CC35AB578F8E8C1C3E7870F69C391D0B1746225125A4826B0B172F8E2712E8FAECD3BDD01780EFE9EE9124B1A1A9A9ADADE3C0FECF8076C9B2E5994C66FB471F3636368D8CA407FA077EB07E3D28CAE7F2ED0B1660CA0407709E9795DAB6457B5FFCB768F5EC99B5C9F15C5E4954A57849D311C45DC405DC2AC10DA24023F094832C6E94904652570F55A550711C627D13498069199AE1AB2ACD257D2F22F3300AA99CF527E62F0B57D74DDABFEF43934104048EE978C762B10DAFBD0AA8BB77EF59D8D171EEDC39D3B68E1F3D0A43CA64C6809F8A9B6547D2C38D4D33E3B1D8633FFD8963DBB3E6CC4954556DFFF8A31BD67C7BF3DB6F8311E7BABAAA5255EF6FDBD6D030E3CD5FBFFE8F3F7BFC5867278CB0AFAFEFFDAD5B6FBBFDF6A9E04100DC1E24E13BA4AEAEBA6156C3BC44F274573F1E41E48B38F7C3DDD98EE5D80804D023F0009A593624A0C73F1045AD1F01002C707D7FFEEC99D58DA1635DBDD9EC083A4F8FE642A21895A51642C6067A71893CC178300F9CC3F63850D1148A65716D96AC4AA9AA1A8BC71B1A1BEB66CC3874F0604F4FCFBA3BEEFC83BBEFC14810128E46AF5EB9EAC5E79F03777ABABBBFB172D5FADFBFABA1B1291C89CE6999532816F7EED99DA84A5ED63CABB3F3B0562A752C5ABC64D9B28E458B2CCB5AB06811F8F8DCB3BF84DFC16A157700993AA621ABF1B0AAF49E3C5B181D3B9F1EDD73F0E8C0D0D0F0F9A1F4F0F9CC58BA90CB140B59BD54B0F492A1154D3C3A7D1BF8D4751B8983E3C289CE9FD7D2B6607EDBA205D7ADB93E3B302ACBA170282CE2222C24251B12A38303868173DC64010B501D1B1DE93D772E3B9E058923C3C3A55211023976ECE8406FCF2DB7AC6D6F6BDBB36B67A140336778C733274F80DD572C5F0ED65CB36AD5D1324874150BF9BDBB77CF6D99BBEEF6F55AA978F2F8B16B56AE1444B1AFA7075C8E4423302BE8C5DADBD6CDBBFC7288749284F22F325313990B63F8245C9F2A5906C2003A72F93CCEEFBA51302D20346C13F991868A659BD0268BD64CC3C46394C0185D431FB286CE7D87766FFBA0303E86B38E671931590AE3AED9F34C4638B4FB937C2E3BA1FFD820C0FFCD1BD6ACB8FA1AF873C8FFF9575E8D44225BDF7B0F48D6AEFB01EACDB39B4B254D14918C93C54B96BCFBD1F66432F9977FFD37C562311A8B211C48346E73B0D255D75E575D5BAB284AD3CC2650876140D5B16021E4BCECEB57CE99DB8A532D02C7F2152B3025D83D50011C7EF03F1BF154F5D9DE211C2DE2215994C4644D8DC833B228804848899E75F047DFD4E0E90FB41D35A870D91EE0EAF2F9EC482EB7B8BD559195E191311C0A75C3383F9651C36A6D4C467275E8546F7A70E00BFC200205668F12D46B6B6BE9EAB875C51D70B9311C8EE0097A611A28A8837C351C460568F186341449AE01F8500864C5E389603CB60CC68341F5F5F541E3C5EF52B130D8F539D2BE9327BAAB54223434664EF77713321B8748DC744409A7289C10E24589E545871E6D11161D53D771FA233C6FD18B321F815E5242E9F323A7590EA961DE31E3550978381A3F0983B3608D2CE2EA213D347421FE322B696E1350E638CE1FDD73B7AA5278E8AA908B01178C0CBAD0DEDCDC7CEF7DF7550E085367A10ECF72C1C4CA5EC10A1830BFA323599B9ED3D101A5448A7AE3BAF535331A2564FC020FA547D6611B06F41D0E053A8ED5CA3921C1FD3FAC55D770B79ACDE78B99F1F1B1BE1E3B24AAF575C3E77BF363D90221753231533505A6900C09C304177826855141F51515BACD2453BE62D8D4AEFFC6144C875B85FD82EF70D7D06C24F8F017B22CD395C174FC278A8DDB1D9472089C209E92566EACF4B8307EBD54DCFAD6C623BBB7B72F5D8A53333CE8583A6D6646DA172DBAE5EE1FFA9C58954AFD76FC2002CAF0BB83076C8A1C81682A33FE8FEAB9EC783E9B4526026E1AB856CDE70AB9F1443295ACA90B28FAEDF8FF972907EFE88E7897D58DB27252EF5099E8FD529AA6F5633CCA25C74E8C43F7B419971CFBFFB9F12BD005ACF92FD37EA73F704509A50000000049454E44AE426082', X'89504E470D0A1A0A0000000D494844520000008000000036080200000080CF06F4000000017352474200AECE1CE90000000970485973000012740000127401DE661F7800001BAF494441547801E55C07585457DABE33C3F4191860600686A17741AA802058107BD744CD262631D93FC9269BE61F634CD9B89B8D299B986C3626316EAA2D6AA24613140B288A804AEF4DA4F7018601A631FF7BEFA5C9329A7F63C67D9EBDF2DC39F79CEF9CF39DAF9F26C364321177E341B70C0661340EE90C463E970D3418F8FEEF7B98776BC80C8264FCF727735FDE91ACD51B41FDBB250A778B0274BF5677AB7B901F02EFEE62AF1F3271D9AC510DA0F3EF165696EFD7A21A3034043A93CFD0D0103DD492CAA682D266BD81D40023550CAE50BF9627C5DDE9D1721A00BA3399C3567ED4DC77AAFA1B5B7B8D26069B2058CC6169A0C168277177A862C15E2D6479417D103DBFA4FE9BA3D7E4F6C28468AFFC9286DC9296B9337C04026EEAA50A3B097F7E4240664E4D4E49EBDAC5C1893302C1ABFF061E58C204C1A480FA5537DA42A77CCB66327AFBB431615F1D4DAB06D1D76C3ABD68E5D1CE5E6D494D5778D03F932FD52A64A2A4F84327D38A2085609B0565F12E758541FED68FD1684417FB8E65392FFB180955EF00E1F36E695533D25BDF391675DF67862153BF564FC4EE48CD2843E696B78E3EBC792F12A4B3A07E2CF642580C6CA9F76882CA187B4DC8C7279D330A310A4016DD16734B68002D5A2E72DBA61F7BDA3A7B053C36C166945735215F2CE27ACA442C06D1D2AA2232D472073198F1697AC3146F47949226C8B27209F7C3241FBC471354C6D86B42FE28E428C4280059745BF42DE18469971B13EEF53F2F7BB93FB4B7F5BB47BEDE367DC5AB17D409C1223EA777C0A0379ADEDD7DFE7FB6FABA2A1D5F78F36877ABEE81D5D1B745FD8E034060D3B22A5ADA7AAD455C4C4DB43A03D083100F68F53C8E9595155333A0273D13691A49DF69C5620A051CB6154BAFD30F680D06E8396536912F1272012516F1E3A779830DB788AD59AFBFFEFA1D1FC98406C100A0CB623167C778BB094C4DAD3D4B92426AEB9B833CEC783C0E8B4584FA3B5D2E687CEEA1F88666557347DFDE3797C8ECADC9515A6A6E4CF7058AFF75D7F96941CEDBBECC0EF3B69FE2237FF38B4CA9352736DC232DAB2AA3A079F14C5F9019CC7073B6953B5AF379ECC2CAB60D5B2EEEFFA058EEC709F193299D244E0ED63C1EBBB8AAFDC155A99DECEE7B1786907A607E2C96D000F003A444982F127065F6C2C329A5CBE785585B990CC621E066D4E9783CEE95B236C054D7B6F5F468E4528B529F1217D25640B45D1DC50B6705F50FE840B5F020B7971E8E29AE6C09F67771945ABFF1C9D98860770A981818D45F2BAC3D9F5DD337A0FF696762749897BDAD1045A888FCB4AC1A68C39E23B32A6ABBC8190F44CCBC29B51003801C9312E7E830CFECD2B6DDFBD26D6D4517B2ABB53AA3C1C4DC7724D3CB457234A51032FFD4867800DF42676912DCE9F7708786A1219DDE1013EAF1CC3BC94BE786448578BCB7F7EABA256A99D49ACF61655CAB8A8DF0CECAAFDDF8B7D40D712ECB120383FD95C00492949D57937CA13CA3AC63CE54F9F2B953A606288D26E2CF1F9DA48672AB01598801A3F6446A2B8AF497D5D677FABBDA62A8221E5BCC37603A16E36BDFAD1E74B017296412E04B73EB4E53F936EDA1D39E3E5D9F6650E164AB74101696D68705B9CD0A9567E75D5F9C38755182EFD9CBD560809F8763E6A7EBC5421E9AABBED196925E969C55EF29172D9FEDB7F9B1B95858447E6D7DC7F727F3DA3B3570CD54AF66BDB1251840531F71272CA958C0E671394A6709024C268307BFA57491C259C1B60257C49D39654D50158361283CC019FEED3634BBA3C52C162BA7BAABA0AC71568CDFFC58AF53172BC080F933FC761DBA0A06444C75FFE4706E87AA0F32D4DB37782C25F7585A9546675C35D3EBF33F2D858A0097EEDEFED3178A7F385781F02D3AD05162CDC3300972106655DA720CB85EDFF187FB8F13AE12A24E3F8E6EFABC92C703DCA5835A3D1DB4310886159B75ADA41176962D1A5BA41B57E5374C7298C44FA9A560407498C7EE6305EABEC1E000658F26E37A5DBB87AB43748023E6EA4B12A7165736E557B46DDE38C3DFDB09D8C00465C1049D2FBB52A94A0C956FDE1817E8A300C95FFFFBA911136416674B308076415CB6152194844788555348DF0B97CB611025ED7AC412C08ECBB11A1FF3607D74E4D3ACF29A1DD3BF5340F682A95474A02CA3BCA3B145A590DB86FB482FE754CF4B98B260BA7B6A6605189034C3EFB38357C080E9619EF84395CADAD63317CB4F5F6D80095A3ACB77CBE35E3CCA04555E6FFD3E1926A8EF3FC204D10A884921A131AAB543370687AC1804FE4418B5869CEB6224E49C8B22356DAFA0B8967F60F75CE5D60A47D185ACCAF5CBA31624F87DF9430E18302BC677F3FB29F7AF3404F9BBF40D6480E83EEE3258AAEDBBD3B91CD692199E9FBEBAC4D19E3441ED5DEA13670B8E9DAF12F1D9D30265EA013875DA04991D8D653480EE9E2430650B4D3C44A5232851641FF9B8ABBFD0B9C141FDA259011FEDBDBC66710422990EF5E51B0D1D6E2E52677B7E5E717D54A8C782588FD48C0A304024E06C7D74062254A08C09C4C5EC8AE369E525F5BD0BA35C5E7B62160028138428E8368F651840139924BE80CD14EA4DBD3A9394CB14B188369223FF090F891B54B047A385A9B113730BCB1A300F5810ED762EA3E2E17BA50B67F8A45CAA000312A6793FF7EEC9FB57E93C5D1D80776955D3CF69A529394D611EB62B1203DE08F564B3C8B0A7ACBAF9E04FB96D9D03B4631B16BCC9066AB9B520DAC41464F524FA4BF76C991BE921A9C9EC252D91F949CA6408FF96790C864E3F046F9414EB75FA52257A9A19ED732ABB0E46725AA84741755757B7C6594E47A80D283D955EFAECFBE7FCDCA5FBB7AF7AEB8525D323BCBB547DDF1DBF72EFA6FD1F7C93E1EA2CB1B3E19326E8968F653480942FAC6C12E182AD0F05BB3BD9AC9815A052F54DF195BD77B28236FDE69124EB9A2FBD532554172613DB8A89801811E7CE43B93DEA0177A5D4D186975F5C8778340A21506ECDA2D9C18B137C11A16246191FE9353F3E001820603B9F597EE27C7979A37A71B472FBD3895E6E8ED8F37BFDC3D18998D9215886012499200B6C27DE730FC657D775180DFAE8A9AEAB92AC3F49AD86D735434573F966C07F7536229656D540778F46E66013E1E7909D5B93943065718237A6B860C0BC19BE9F1FBA0A06401B302168EB543BDA8B115BC3D45C2A690BF3B4BD675E50F85477ACC40191E2F2C6833FE775740F8E44416691B39C09820CE80D433DBD0390B2E64E0D87C3EA550FDE92C6B4D498951DB363FA770A4844B05C985BA3CA29AA437A5E9CCF4FE9A415C222EEB5CA0ECCB0E0937B07F498FA62452B2E589E99538DD2A6B61E4FA5EDB77F5DB5EDD94551619EADED3D7B8E64AE797EFFEEC357FD3C1DC69920B303B51C03604923ECB97C9E959B5C6223E42A65365809F5125899D7000C108F59D4E9E23BFBB6E7B38E9E2D459B987F619F0E21908D988FF9D7E56B24B917C4B89FBB5C8144529CEFA98C1A98F7B808AF7B16475A59B1CEA497FCF12F479EDC9EACD31BDFDB94B4E3E5E5EB964731296DB8358696630008692BE2626ED9DAA9C6B20F54B857A315F16E6B032DA301642FB0FE51414E551DDAAADA36AC82244E734DCB2495605E9C6FF225920109D13E67AF3680C481BE8A419DB1BAB6059927CF97046DFC3633BFEEE11561473EBC6FE3BD716E0A694169FDCBEFFCD8DE85B5A0DBE8B1E51830641C7277147A28A5B6625E7159BDCC5E8C43411E8EA2DBC50996D100B2176CC8C8ECF86B677AA65FA9C2E7CC28EF94EC3A6CC860FEA5526BEB1A3B313D76B2C38480B25131EEE7B348AE04F9395DDDB9F695A7168407BB3736777D752863C533FBBE3C921312E0642F198D82CC8EC2720C000A422E136EA0ACA675CDA2A3AD9DBD58421170B1006716390CCF222110D50F7A6230FA07F4B362BC33F2B112A5A326049CFC923AF8D5A428B754CAF82C4EF039995E8E0AF151DE6939F5887FB0D5CA665B9D3A5FF4C73F1F79EEDD5310F98F5E5CB063EBF27B964CBBAD07463B966300A98A4CA6DE3864C561AFDF1CCC60B2B013C924372B6EFDDC9A3DB7AEFBCB4B49ECC889589FCE552175958B732957BC38DEE71445EE99313EA7296D981EEE9553D5D9A9EA7396D92A1D4505A5A4369CCD284FBB52FBFB7B220FBDBF7EC3EAE90A27BBDCE21BAFBCFB63C72F3041B735C1BF7C0CB781E470AC3E3C5D37A03F81098187A3E0C3AF2F62C017CA3B374DBEE66C19BA8FE28CEEB0404860DB0E411A422004F5B191DE31E19EBB8E16A87A346E0A7B992D3FAFE806A608F1C1F24B57AB9625852E047B2E56623B6C6962D0CA7921680B4EFBECA5F2631937FC15E269418ABCF256D2C0DEF5E5687A94A43EA675EDD20E126A23316022044C4CCE8841F20CC128194613234BA1C8A09DD868C96F9418EB45A7338404BABEBF27BBADA3173B91D1010E99B9D7B14FB9608637E65F60C0FC78BF7FECCB0603B043B9F3600E3D21C8CABBFE8F0357B095BF7C86C7CE9716C25B80F2F995A36B4163ED4F18C024839F0071A73E1163A0A96885C046CE9379F1150A9EBB824F58DF6482E00F689700F740272C19865AB158A575DD70B6585246A47F39A7060823E23C7991F4C95121EE39951D981E07F9B9F46B0DD8BE160AB8D383E459B92418B4F999FBA61D7C6FFDEF56C638C924D8197E61FBD1CE31130490C91F4B308016E7E00017629E7D56568F52C0E4301938FFA3C3B629083CBC1C4DFE00120A813875C860B416917B7EE35461F201DCC15C0693D1D0D17F219B0C3D1363C9481F09AC7776A9A90981B520D2CF21939E10903B0434980F0D86DDE3C8A91EB50D1DBBF6A52F7B7ADFE1934571E1AEE3A220B3685A8801A032367BAB3E5F3B7F8173D18FAAFA624D6B8FBE436B240C262C7E013BCC42A1A5FD83FAB29AB6FAE6EEB00005324794C02CF677B6C0346482EDFE3AA50AB14D808F736FBFBEA2A6051382D9114A6CC8A0AFB9B13EC7D2C84442943716E9B00A8D9D2F559F0EDB2FC8FCE648F6A36F24631B72D72B8BB7BFB064695218C1B83D792D712E08C84190414D3B89106BB6F1498EEE4A2E976152E9897E82B12ACE0DA257DFD2DDD8DAD3D6D587E9BBBFA70CC11CE02D2AFE0C02DBA2B0FBF6628E44C45622E0679B0ACB9B23825C71DAE79BE3F94B66053ACB243F5F289BEA8BF33F7655D5CDD8DF86ADC75CBEA8B2257C8AD2C7DDE19195E1537C152211AFBCAAF99BEF33DB55FD0B12FCE9B998B93547CB4541A02642022CA42C9C158C3FB546ABE9D722EAC0111A2B26C3492A16F039F4910230CCC2D4A73C0DB94D5ADFDC2316B23FF836EB15211F33DE67F61706F93A217EBB52D5BDF768163C30E462E7B71737DE1B03B2FE7D4FE696DF9367E8B6EC2F08F09209C9637443F9A50DDBF617DC38D239EB090F1F7BEE481484314DFE90823679C96F938BEEF04C1AF9A04314E16D49C1A74749BA1F6A6FFDA77385AAEE7EA1808DA92FE25101D74ADD8F435A4C01CF6A506BC02C52C86783A65887E0B049C9D61950D5C4E7582187DE5B05106044429E563F0437363F2190D466AAFD49296A69060C0F98A4F318E7476234CB537E529A109A41BD903A2A3029E1C66782EA94F3221074D24606630100EEFC70269FDF4CECF1EE30602216FF19DFD03F8800EE0D1657B779384B66C6F8BEF169DA330F4C3F9C9C3F6DAAB2A8A22526D4B5BB7720F962B5830D77C3CA88D4CCAA9E3EEDF41057CD80EEC2B51B76D6DC01AD3129CE27B7A411072CE0811F5F174B3B805B8C6F121F005582F32665F41758031A69BC21CFB408D0095ABCCD753F0A3FA9CCA32ED91CD93B8903DD1420CDF93112E8E6E7D6EDDF0C3BFC855ED001029B8676CDD6C7930E9CC881098A097672914B5C9DACA343DC0607B50A476B1CCBCD2E6E8E0D51F4F5EB9C1CC4EB96467C7B24FBFEE5D37C3C1C734B1A16CE0CC4160DAA2C9E15D8DCD6F34B109E18270175F25820355CBC68428C528446961E1E9DA6A98237684D3F74026F9AFA20E47878D4C2E728FCBFB64F11028B46373548B549B74336368206F94BE146678C0290E8535548FC47C0874B8741CDFFC082E3B61A2202018FE3EA24C102270CBABD44887814A28935893305CD5EAE52441300809DC16169D87AFC219A40102111F36967E0E4680334CCF7335C7293060059D4292A6F3C7ABA00E7DE572F08F57273C0F95ECA678E192BBA5D00C3F061CA8A4354C5158DE72E55CC88F646045DD7D0894DBBA2B246369B99141F481E2FA4F0A01BA7DF65D52D97AFD54C0B750BF2558C6F1FA4051FD59AC13317CBFA34DAC8A9AED8EBC8CEBDCEE77366C7FAD95A0B68ACE946E856479141D1E88055BDFDC9A9C50A99F5CC183FE4037EB4944C8FC2D1CDD1EF115AC1C78282181A58E822B3399D59A394890002B38EF56A249646286C6D049DDDFD1418098C4C14D10D8020C019D5713F0609BAED5BBCC734801E555D5357F0C2BDAFEE2E7AF1C9EC59CF1EC67522501F91162E29006DFAC17522E4208DFD39FFF5BBCF6594C1E37F7FF14667F7C00F270BD62FFFA1EC7ADB8A4D298FEE48071E786022B1080A7874810739E0F1C6B59F5F2BAC431AEDC395010600A4F2110448BFEA81531B56EF3B7DB1FC4276D5FDABBE5BBD30197B9928C23D88419D01904843E24073BC119C20078FCE30445E75220800FF6EC5A1232945986CA3F191528C82AC8BCA145E001CF78CCBA291044DB1A8F0C2890A7B09C978B4434337B4AA31634033E460463251447382CB65275FA878F6CD63201132A9E1D2F5267F8F6900251944794D2B71BDFD9B1FD6C0DB3CFDD0B9F6CEDEA696AEA7DF4EE9D31AB66E885C362FECD089ABDBBEBE365529FAD3537321C5B5DF571EF0932C9F171CA4145BB11852098F08B18356C6058BDD654210FEE0F12B6F1FC80F77B37EE58939BE9E3244CAE039751C514E47FDB8BCF7F6AEB4AB55AA4716FB3D726F1C8A30B6A004EBA27C235C1C3847F83B483C44D0769C527EE1C354907BFB93F1D893DAF25EB2BB931827AB0D43C4BB5B96627166EB8767DBD5BA0F3725E278331123AB6F513FF6F277323BE1B6E716955434BEFA8FD46E8DFE85FB2397CF0BA5A575529260F51F7FB847A5D71B1DECC5F779895C9D6D018941F1386CB0A14DA3EFEA19E0C3FE70ACA09A741484993C7DC6D2486EAB394FF593635A40B67F8B9EA8EEC73480FA1CD65658C0C141034EFBD634743DF756326134F838F0566C3A937EA57AED8BA949C1D20319CD4FFCF5E7011D982CB61672EA9A541F6F4BAD6BEC827A132D58E631B5680CD6023648B661F5F1A511B26F7FB8B173CF4574415F0626A7270479DD07CF3B9FA5EE4EA94B9CEAF0C70793F34A489D8058D5F61B0916A3B24E55764345E84D0A1E0B53E5E84DC71C852C119BB1F62F29D71B3ABF38547332B3AEBD7BE0E3D7F3AE14D6BDB1F35C5963AF9F9C1FFDECB1EB8D2A969034D998E6BDFDE2D54B39355BFE760A3BA04A3BEE8AF927EA9B55E88516581203FAA1B081D9E9E8EE2FAA68CC2B6DC2FD599460610EFE088992EA36CD8036A7F086D25E905B5CDFA3EEAFBED181F35B901294F6F4F61794933B94A4C231194A27DB8B57C9031FB7A3BF990D19B03126DCE3A3AF568985DCD345EA750B0313A2DC71B2138700081E03FBFD87B7CD7D6A4D4864B01256212EC22DC013C7C4B8C095545E8AA7F865B118ED5D7D04DB7AFEECA025731C5A3A3598B6500680960B5C5A62C08A6454AA36ADF68D8BF20677A076180398D8A71F720F9464D574A797B68B036C6CB84CECAF12A5DAE5F302E744B9B6B60EE22E0A21632F8D754D9CEE4510EC4E95066772EE895326C6FA10E735382065D41863439C1363C9665B3BD429D735F72D088C9FE60EC663064EF632CEE6507D92C2078F8583E9F9A58D6CA6293DBB0216D8DD590C9F0400372709C40B6C0BC30497C3C26A84878BEDB5A2FAA5B3A7A0141E4229132388C2E1750197957CBE04F70C86078B62F3CF98091A07C380F98B9FE61537CD0BC278E58B35C7534B0F9CA9206C98327BD143739CFFF040CAFBBBE73CF5D0EC928A06B01C36815A6A066E6363829CB6776BE7C4FAFD749ABFE778DE8953AD4F6EF44588FDE399A21911EE76A455B54245DC8F3CFCF6CAE4F4F28FF666838518C6301A83C6B010794D5D57AFD638DBDBFEC7EC267F0F879CB3BFFB2EB960C7CF15DE0A6AAFD5608295D0EBA0A9A45F1570982D1D9AE71F0B52F506B777AA89CCC1A1074C1462831E0ADB927FAE3FF073DE0FE72A0977C1783CC78D7AD837870428F187FC93E78B8F9D299C1EE6E1AAB0C7E7BAA591347074A8079D9049FDE9041AF4F394E38FFE5C392F944EFC92F7441344D531B1AC58FB8F5F095BFB594E71FDC9B3055F9EAE8C0B901279FD72A9F8AD9796DDF77CE0F38F1E7FEBE364CCBF215FE31DD16897F07E22BE55536BF793EF9ED50DEA9D82C5387BDCD33778A0A8BBAD5343AB3FED72D332CA9EDF7535C09DBC18433FA4E0A88D585CF172E0B94A3838F94D0C11F0BD7B0E679EBDD2B0C8DFAE7E60844FD070CA21A322AC1A0C0828DE8743C9F01C702523EDE1F368F2B5AFCE54857ADB13B52375874B27FE809A94852416CC9C72DFD28819E11E10698816F2273C00A31F208C045D0B32380A36B1E9C9BE276500815D665CAF293858DFD2DEF3EADEB2CDAB031348E56555D6757CB1FFE2BA25219BDE88072D7AD5B0181CAC2793B126294054EC2F244FFF831638A25D5EDD5AFB53DBC36B22E3DCC56DAA81075746EB4F3DB5EDD985701B4006D763FA75C61D878B1E9BEDB27026CEF869516B184983496ACD73B0132AEC7832095F2EB1C21AF5FBAF15FD6175F08C30176D1B79898E205763F0A006590D2190DC5E70E9DA75A56207D6B48978C14884C26B6CEBDDFA49E1732B021222318A71BD0C7776D30F3D0A9AE21CEA9A02D2E885ECEAE687EE1E79A88F378D3C3E46A16E6AD7CCC744138415638CE74256556B673F116483D37784885550462E8B83B5301A5B9FCA7EE96D1D36AFE16AA8F981B6A4AAD54D29053DF15F2FC10812558308754ABA74B1B8554B22C7BC92577BB844B5C0DB069B8FF4C93D980E706EFDDFD25FBBDE15E02C2AB9AE92E7D792077310D0908F89281E8087B01172B00486444BF500194E78F1F24B9A5A3A07083D8CDE1051A745775415B58D88E72A155C2A6C853810D112C4E9C4398D7E19691EE1A540413B25AFB0AC15776FA02AB8B84FF572AB174D551A824ADF0AF8D7948D6900CDC9603F97773E4DFAE0CBAAFDC79B0FBE353B6C8AEBE6F91EFB0A3BE15203EE9105783A1E4B59B6FD9B8ADD298D9B1F8E090D7479F8C5B0ACD2F6A60E8DF7725F1C9997DA8922D73921445B17E6E8281505F8C8FD56C9B34B5A570549033CEC2844C9C10BF8DCF075CA1885D056CC5D99E8975ED9A752EB3C567A22FA42292225EF35724CF403BC1CA7FA393A3B5A8784DB7A29EDFF77A3DFCF05ED621167F51C67DCC59D9F24439848D23A8C04DEFCFBF8D472CD6B9F141D7F63AEAFBBA3C3323B5CF99358F3899972D47D71B9FF17859D6C362B749D2B254CBF866877B2EED8FC16ADC278810D9097A6B66E6C90CAA462644206FB0775D622BE56475E2782D677A834100ACCCE510AF30ACF09922181C513D841FC619CB43B45A48F4002936A5C33C78C1771342D4D28A5851DF9502455AF46622DC0A4012D803A30ADE894D415483D25ACB0ECE00DD0C0B5560466808471801AD14600A5308388C4BB7AFAA17C0EB6220C04732E44E878D0174272B810044E18854EA7E772D1F698E4DD4972FEFFDBBA8901A84EF360B49D099F1300FEB574B4229DB82DC004F85FF339D6176DB37F4D5B16AC3B9101E81AF8E31FED4CA8CF318B499B290C15F9E3D3FF82F0B0E8028606A601E82A13DA9C50775CB323F24F414C680AFD0F6BC7707DB29E39C426D4A5BB98D0EFDDFAFC3FDBB6A4C9DCD0F9E20000000049454E44AE426082', 0, 'I.E.S. Nombre del centro', 'Avda. La Concordia 299, 13300 Valdepeñas', 'Tlfno.: 926867678', 'Fax: 926020000', 'nombre.ies@dominiomail.es');

-- Table: reports
CREATE TABLE reports (id_report INTEGER PRIMARY KEY AUTOINCREMENT, id_alum_rel INTEGER REFERENCES alumno (id_alumno) ON DELETE CASCADE, id_grupomatrel INTEGER, id_eval_rel INTEGER, path TEXT UNIQUE ON CONFLICT IGNORE, id_materiarel INTEGER);

-- Table: savedsqlquerys
CREATE TABLE savedsqlquerys (id INTEGER PRIMARY KEY AUTOINCREMENT, resumen TEXT, sqlquery TEXT UNIQUE ON CONFLICT ROLLBACK, timestamp TEXT);
INSERT INTO savedsqlquerys (id, resumen, sqlquery, timestamp) VALUES (1, 'Muestra los alumnos que cumplen años en febrero', 'select nombre, apellidos, fechanacimiento from alumno where fechanacimiento like ''%-02-%''', '2017-02-21 18:56:52');
INSERT INTO savedsqlquerys (id, resumen, sqlquery, timestamp) VALUES (2, 'Ver alumnos por año nacimiento y grupo_materia', 'select nombre, apellidos, fechanacimiento from alumno where fechanacimiento like ''2002%'' and id_alumno in (select id_alumno_mat from matricula where id_grupo_mat=''4'')', '2017-02-21 19:08:19');
INSERT INTO savedsqlquerys (id, resumen, sqlquery, timestamp) VALUES (3, 'Listar nacionalidades y nº de alumnos por ellas', 'select nacionalidad, count(*) as count from alumno group by nacionalidad', '2017-02-22 00:28:11');
INSERT INTO savedsqlquerys (id, resumen, sqlquery, timestamp) VALUES (4, 'Obtener informacion de tablas de la DB', 'select * from sqlite_master where type=''table''', '2017-02-28 19:28:54');
INSERT INTO savedsqlquerys (id, resumen, sqlquery, timestamp) VALUES (5, 'Listado alumnos por tipo de anotacion', 'select nombre, apellidos,detalle from alumno,anotacion where tipo=''OPTCONSORI'' and id_alumno=id_esturel', '2017-06-13 17:06:12');

-- Table: standarxasses
CREATE TABLE standarxasses (id_stanxasses INTEGER PRIMARY KEY AUTOINCREMENT, id_standrel INTEGER, id_assesrel INTEGER REFERENCES assesstments (id_assess) ON DELETE CASCADE);
INSERT INTO standarxasses (id_stanxasses, id_standrel, id_assesrel) VALUES (345, 192, 68);
INSERT INTO standarxasses (id_stanxasses, id_standrel, id_assesrel) VALUES (346, 191, 68);
INSERT INTO standarxasses (id_stanxasses, id_standrel, id_assesrel) VALUES (347, 180, 68);

-- Table: standarxunit
CREATE TABLE standarxunit (id_stanxunit INTEGER PRIMARY KEY AUTOINCREMENT, id_unitrel INTEGER REFERENCES units (id_units) ON DELETE CASCADE, id_standarrel INTEGER);
INSERT INTO standarxunit (id_stanxunit, id_unitrel, id_standarrel) VALUES (224, 28, 180);
INSERT INTO standarxunit (id_stanxunit, id_unitrel, id_standarrel) VALUES (227, 28, 191);
INSERT INTO standarxunit (id_stanxunit, id_unitrel, id_standarrel) VALUES (228, 28, 192);

-- Table: units
CREATE TABLE units (id_units INTEGER PRIMARY KEY AUTOINCREMENT, stardate TEXT, enddate TEXT, titulo TEXT, descripcion TEXT, hist INTEGER, id_matrel INTEGER REFERENCES materia (id_materia) ON DELETE CASCADE);
INSERT INTO units (id_units, stardate, enddate, titulo, descripcion, hist, id_matrel) VALUES (28, '2017-09-01', '2017-10-16', 'Unidad 1. Forma', 'Medida y proporción. El color que nos rodea. Textura. El aspecto de la forma', 0, 12);

-- Table: unitsxgrupomat
CREATE TABLE unitsxgrupomat (id INTEGER PRIMARY KEY AUTOINCREMENT, idunitrel INTEGER REFERENCES units (id_units) ON DELETE CASCADE, idgrupomatrel INTEGER REFERENCES grupo_materia (id_grupo_materia) ON DELETE CASCADE, num1 INTEGER, text1 TEXT);
INSERT INTO unitsxgrupomat (id, idunitrel, idgrupomatrel, num1, text1) VALUES (32, 28, 10, NULL, NULL);

-- Table: user
CREATE TABLE user (id_user INTEGER PRIMARY KEY AUTOINCREMENT, user TEXT, pass TEXT, num INTEGER, string TEXT, iduser_server INTEGER);

-- View: v_alumnmatricula
CREATE VIEW v_alumnmatricula AS select alumno.id_alumno, alumno.apellidos, alumno.nombre,alumno.photopath, matricula.id_grupo_mat from alumno inner join matricula on alumno.id_alumno=matricula.id_alumno_mat ORDER BY alumno.apellidos, alumno.nombre ASC;

-- View: v_assesscount_est
CREATE VIEW v_assesscount_est AS SELECT A.id_assess,A.id_unitrel,A.titulo,A.fecha,count(B.id_assesrel) as num from assesstments as A LEFT JOIN standarxasses AS B ON A.id_assess=B.id_assesrel GROUP BY A.id_assess;

-- View: v_horario
CREATE VIEW v_horario AS select horario.id,horario.periodo,horario.id_gruporel_hor,horario.aula,horario.diasemana,horario.inicioperiodo,horario.finperiodo,grupo_materia.denominacion,grupo_materia.nivel,grupo_materia.ensenanza from horario inner join grupo_materia on grupo_materia.id_grupo_materia=horario.id_gruporel_hor;

-- View: v_notasforcal
CREATE VIEW v_notasforcal AS select notasxasses.id_notaxasses, notasxasses.id_alumnorel,notasxasses.id_gruporel,notasxasses.nota,assesstments.fecha,assesstments.titulo as denominacion_Asses,estandar.id_estandar,estandar.id_criterio_rel,estandar.est_denominacion,estandar.peso,estandar.competencia from notasxasses join estandar on notasxasses.id_standrel=estandar.id_estandar join assesstments on notasxasses.id_assesrel=assesstments.id_assess order by fecha;

-- View: v_units
CREATE VIEW v_units AS select units.id_units,unitsxgrupomat.idgrupomatrel,unitsxgrupomat.id as iddeunitxgrupomat,units.id_matrel,units.stardate,units.enddate,units.titulo,units.descripcion from units join unitsxgrupomat on units.id_units=unitsxgrupomat.idunitrel ORDER BY stardate ASC;

COMMIT TRANSACTION;
PRAGMA foreign_keys = on;
